sign time,verify time
2.3302507400512695,1.9986615180969238
